result_family,dataset,model,hop,method,PE,beta,num_clients,num_iter,t,alpha,n_reps,mean_acc_pct,std_acc_pct,source_files,source_summary_path,accuracy
client_count_ablation,Cora,GCN,1,FedProp-Adj,no,1,1,50,0.1,0.5,5,80.72,0.2774887385102323,1,experiments/results/current/ablations/client_count/summary_client_count_live_preferred.csv,80.72 +/- 0.28 (n=5)
client_count_ablation,Cora,GCN,1,FedProp-Adj,no,10000,8,50,0.1,0.5,9,72.87777777777778,1.225538430423317,2,experiments/results/current/ablations/client_count/summary_client_count_live_preferred.csv,72.88 +/- 1.23 (n=9)
client_count_ablation,Cora,GCN,1,FedProp-Diff,no,1,1,50,0.1,0.5,5,80.72,0.2774887385102323,1,experiments/results/current/ablations/client_count/summary_client_count_live_preferred.csv,80.72 +/- 0.28 (n=5)
client_count_ablation,Cora,GCN,1,FedProp-Diff,no,10000,1,50,0.1,0.5,5,80.72,0.2774887385102323,1,experiments/results/current/ablations/client_count/summary_client_count_live_preferred.csv,80.72 +/- 0.28 (n=5)
client_count_ablation,Cora,GCN,1,Full-graph,no,1,1,50,0.1,0.5,5,80.72,0.2774887385102323,1,experiments/results/current/ablations/client_count/summary_client_count_live_preferred.csv,80.72 +/- 0.28 (n=5)
client_count_ablation,Cora,GCN,1,Full-graph,no,10000,1,50,0.1,0.5,5,80.72,0.2774887385102323,1,experiments/results/current/ablations/client_count/summary_client_count_live_preferred.csv,80.72 +/- 0.28 (n=5)
client_count_ablation,Cora,GCN,1,Zero-hop,no,1,8,50,0.1,0.5,9,66.5,1.7088007490635078,2,experiments/results/current/ablations/client_count/summary_client_count_live_preferred.csv,66.50 +/- 1.71 (n=9)
client_count_ablation,Cora,GCN,1,Zero-hop,no,10000,1,50,0.1,0.5,5,80.72,0.2774887385102323,1,experiments/results/current/ablations/client_count/summary_client_count_live_preferred.csv,80.72 +/- 0.28 (n=5)
primary_10_client,Amazon-ratings,GCN,1,FedProp-Adj,no,10,10,50,0.1,0.5,9,38.84442992723248,0.3582891405137742,1,experiments/results/current/summary_current_live_preferred.csv,38.84 +/- 0.36 (n=9)
primary_10_client,Amazon-ratings,GCN,1,FedProp-Adj,no,10000,10,50,0.1,0.5,10,40.20578147966683,0.3540496215869603,1,experiments/results/current/summary_current_live_preferred.csv,40.21 +/- 0.35 (n=10)
primary_10_client,Amazon-ratings,GCN,1,FedProp-Diff,no,10,10,50,0.1,0.5,10,38.664053568512166,0.4896654736503138,1,experiments/results/current/summary_current_live_preferred.csv,38.66 +/- 0.49 (n=10)
primary_10_client,Amazon-ratings,GCN,1,FedProp-Diff,no,10000,10,50,0.1,0.5,10,40.05552833578312,0.421279073549007,1,experiments/results/current/summary_current_live_preferred.csv,40.06 +/- 0.42 (n=10)
primary_10_client,Amazon-ratings,GCN,1,Full-graph,no,10,10,50,0.1,0.5,10,41.15792911971256,0.4588740207276388,1,experiments/results/current/summary_current_live_preferred.csv,41.16 +/- 0.46 (n=10)
primary_10_client,Amazon-ratings,GCN,1,Full-graph,no,10000,10,50,0.1,0.5,9,43.27036492641588,0.4844201887489721,1,experiments/results/current/summary_current_live_preferred.csv,43.27 +/- 0.48 (n=9)
primary_10_client,Amazon-ratings,GCN,1,Zero-hop,no,10,10,50,0.1,0.5,8,35.84639882410583,2.404494022202948,1,experiments/results/current/summary_current_live_preferred.csv,35.85 +/- 2.40 (n=8)
primary_10_client,Amazon-ratings,GCN,1,Zero-hop,no,10000,10,50,0.1,0.5,10,37.50939082149273,1.7874095240559127,1,experiments/results/current/summary_current_live_preferred.csv,37.51 +/- 1.79 (n=10)
primary_10_client,Amazon-ratings,GCN,2,FedProp-Adj,no,10,10,50,0.1,0.5,10,39.59170341335946,0.378955544988356,1,experiments/results/current/summary_current_live_preferred.csv,39.59 +/- 0.38 (n=10)
primary_10_client,Amazon-ratings,GCN,2,FedProp-Adj,no,10000,10,50,0.1,0.5,10,40.66634002939736,0.3926446278024261,1,experiments/results/current/summary_current_live_preferred.csv,40.67 +/- 0.39 (n=10)
primary_10_client,Amazon-ratings,GCN,2,FedProp-Diff,no,10,10,50,0.1,0.5,10,39.252000653274536,0.598894379389275,1,experiments/results/current/summary_current_live_preferred.csv,39.25 +/- 0.60 (n=10)
primary_10_client,Amazon-ratings,GCN,2,FedProp-Diff,no,10000,10,50,0.1,0.5,10,40.46545810877021,0.3893131683420215,1,experiments/results/current/summary_current_live_preferred.csv,40.47 +/- 0.39 (n=10)
primary_10_client,Amazon-ratings,GCN,2,Full-graph,no,10,10,50,0.1,0.5,10,41.65441776906745,0.4058028989421971,1,experiments/results/current/summary_current_live_preferred.csv,41.65 +/- 0.41 (n=10)
primary_10_client,Amazon-ratings,GCN,2,Full-graph,no,10000,10,50,0.1,0.5,10,43.973542381185695,0.3919080112129345,1,experiments/results/current/summary_current_live_preferred.csv,43.97 +/- 0.39 (n=10)
primary_10_client,Amazon-ratings,GCN,2,Zero-hop,no,10,10,50,0.1,0.5,9,37.71208739361606,0.3570150998424922,1,experiments/results/current/summary_current_live_preferred.csv,37.71 +/- 0.36 (n=9)
primary_10_client,Amazon-ratings,GCN,2,Zero-hop,no,10000,10,50,0.1,0.5,10,36.82508574228319,1.998336215274634,1,experiments/results/current/summary_current_live_preferred.csv,36.83 +/- 2.00 (n=10)
primary_10_client,Citeseer,GAT,2,FedProp-Adj,no,1,10,50,0.1,0.5,10,68.0,1.0677078252031296,1,experiments/results/current/summary_current_live_preferred.csv,68.00 +/- 1.07 (n=10)
primary_10_client,Citeseer,GAT,2,FedProp-Adj,no,10,10,50,0.1,0.5,10,64.81,1.9427643535265255,1,experiments/results/current/summary_current_live_preferred.csv,64.81 +/- 1.94 (n=10)
primary_10_client,Citeseer,GAT,2,FedProp-Adj,no,10000,10,50,0.1,0.5,10,65.5,1.7845011752432245,1,experiments/results/current/summary_current_live_preferred.csv,65.50 +/- 1.78 (n=10)
primary_10_client,Citeseer,GAT,2,FedProp-Adj,yes,1,10,50,0.1,0.5,20,69.035,0.5896252154859366,2,experiments/results/current/summary_current_live_preferred.csv,69.03 +/- 0.59 (n=20)
primary_10_client,Citeseer,GAT,2,FedProp-Adj,yes,10,10,50,0.1,0.5,20,65.85000000000001,0.6809436177293364,2,experiments/results/current/summary_current_live_preferred.csv,65.85 +/- 0.68 (n=20)
primary_10_client,Citeseer,GAT,2,FedProp-Adj,yes,10000,10,50,0.1,0.5,30,66.61666666666667,1.1876035949973278,3,experiments/results/current/summary_current_live_preferred.csv,66.62 +/- 1.19 (n=30)
primary_10_client,Citeseer,GAT,2,FedProp-Diff,no,1,10,50,0.1,0.5,10,63.78,1.877232004841172,1,experiments/results/current/summary_current_live_preferred.csv,63.78 +/- 1.88 (n=10)
primary_10_client,Citeseer,GAT,2,FedProp-Diff,no,10,10,50,0.1,0.5,15,58.03333333333334,4.984069861162902,3,experiments/results/current/summary_current_live_preferred.csv,58.03 +/- 4.98 (n=15)
primary_10_client,Citeseer,GAT,2,FedProp-Diff,no,10000,10,50,0.1,0.5,10,61.78,1.886089428774081,1,experiments/results/current/summary_current_live_preferred.csv,61.78 +/- 1.89 (n=10)
primary_10_client,Citeseer,GAT,2,FedProp-Diff,yes,1,10,50,0.1,0.5,10,68.65,0.738241153011666,1,experiments/results/current/summary_current_live_preferred.csv,68.65 +/- 0.74 (n=10)
primary_10_client,Citeseer,GAT,2,FedProp-Diff,yes,10,10,50,0.1,0.5,10,64.57000000000001,0.8895067297228412,1,experiments/results/current/summary_current_live_preferred.csv,64.57 +/- 0.89 (n=10)
primary_10_client,Citeseer,GAT,2,FedProp-Diff,yes,10000,10,50,0.1,0.5,10,65.09,0.7324995259763357,1,experiments/results/current/summary_current_live_preferred.csv,65.09 +/- 0.73 (n=10)
primary_10_client,Citeseer,GAT,2,Full-graph,no,1,10,50,0.1,0.5,20,69.22500000000001,0.8704959264090388,2,experiments/results/current/summary_current_live_preferred.csv,69.23 +/- 0.87 (n=20)
primary_10_client,Citeseer,GAT,2,Full-graph,no,10,10,50,0.1,0.5,20,68.745,1.2067681938484298,2,experiments/results/current/summary_current_live_preferred.csv,68.75 +/- 1.21 (n=20)
primary_10_client,Citeseer,GAT,2,Full-graph,no,10000,10,50,0.1,0.5,20,68.295,0.9394707356580556,2,experiments/results/current/summary_current_live_preferred.csv,68.30 +/- 0.94 (n=20)
primary_10_client,Citeseer,GAT,2,Zero-hop,no,1,10,50,0.1,0.5,10,60.03999999999999,0.8630694577430545,1,experiments/results/current/summary_current_live_preferred.csv,60.04 +/- 0.86 (n=10)
primary_10_client,Citeseer,GAT,2,Zero-hop,no,10,10,50,0.1,0.5,10,56.49999999999999,0.7788880963698575,1,experiments/results/current/summary_current_live_preferred.csv,56.50 +/- 0.78 (n=10)
primary_10_client,Citeseer,GAT,2,Zero-hop,no,10000,10,50,0.1,0.5,25,57.1,1.6345233759927258,4,experiments/results/current/summary_current_live_preferred.csv,57.10 +/- 1.63 (n=25)
primary_10_client,Citeseer,GCN,1,FedProp-Adj,no,1,10,50,0.1,0.5,10,66.34,1.451589167468232,1,experiments/results/current/summary_current_live_preferred.csv,66.34 +/- 1.45 (n=10)
primary_10_client,Citeseer,GCN,1,FedProp-Adj,no,10,10,50,0.1,0.5,10,63.44,1.0926013810067146,1,experiments/results/current/summary_current_live_preferred.csv,63.44 +/- 1.09 (n=10)
primary_10_client,Citeseer,GCN,1,FedProp-Adj,no,10000,10,50,0.1,0.5,10,63.8,1.5427248620541525,1,experiments/results/current/summary_current_live_preferred.csv,63.80 +/- 1.54 (n=10)
primary_10_client,Citeseer,GCN,1,FedProp-Adj,yes,1,10,80,1.0,0.5,10,67.48,0.879140994885852,1,experiments/results/current/summary_current_live_preferred.csv,67.48 +/- 0.88 (n=10)
primary_10_client,Citeseer,GCN,1,FedProp-Adj,yes,10000,10,80,1.0,0.5,10,65.05000000000001,0.9021579068482912,1,experiments/results/current/summary_current_live_preferred.csv,65.05 +/- 0.90 (n=10)
primary_10_client,Citeseer,GCN,1,FedProp-Diff,no,1,10,50,0.1,0.5,8,66.125,0.9837973078114944,1,experiments/results/current/summary_current_live_preferred.csv,66.12 +/- 0.98 (n=8)
primary_10_client,Citeseer,GCN,1,FedProp-Diff,no,10,10,50,0.1,0.5,10,62.85000000000001,1.4292577716345578,1,experiments/results/current/summary_current_live_preferred.csv,62.85 +/- 1.43 (n=10)
primary_10_client,Citeseer,GCN,1,FedProp-Diff,no,10000,10,50,0.1,0.5,10,62.62,1.5353609781850448,1,experiments/results/current/summary_current_live_preferred.csv,62.62 +/- 1.54 (n=10)
primary_10_client,Citeseer,GCN,1,FedProp-Diff,yes,1,10,80,1.0,0.5,10,67.46000000000001,0.6380525927469551,1,experiments/results/current/summary_current_live_preferred.csv,67.46 +/- 0.64 (n=10)
primary_10_client,Citeseer,GCN,1,FedProp-Diff,yes,10000,10,80,1.0,0.5,10,65.24,1.0616548926610347,1,experiments/results/current/summary_current_live_preferred.csv,65.24 +/- 1.06 (n=10)
primary_10_client,Citeseer,GCN,1,Full-graph,no,1,10,50,0.1,0.5,11,69.85454545454544,0.7104416040233491,2,experiments/results/current/summary_current_live_preferred.csv,69.85 +/- 0.71 (n=11)
primary_10_client,Citeseer,GCN,1,Full-graph,no,10,10,50,0.1,0.5,15,69.77333333333333,0.7878240074195905,3,experiments/results/current/summary_current_live_preferred.csv,69.77 +/- 0.79 (n=15)
primary_10_client,Citeseer,GCN,1,Full-graph,no,10000,10,50,0.1,0.5,11,69.66363636363636,0.4105428778403723,2,experiments/results/current/summary_current_live_preferred.csv,69.66 +/- 0.41 (n=11)
primary_10_client,Citeseer,GCN,1,Zero-hop,no,1,10,50,0.1,0.5,3,61.53333333333333,1.8502252115170568,1,experiments/results/current/summary_current_live_preferred.csv,61.53 +/- 1.85 (n=3)
primary_10_client,Citeseer,GCN,1,Zero-hop,no,10,10,50,0.1,0.5,10,58.11999999999999,1.9263090786960064,1,experiments/results/current/summary_current_live_preferred.csv,58.12 +/- 1.93 (n=10)
primary_10_client,Citeseer,GCN,1,Zero-hop,no,10000,10,50,0.1,0.5,10,58.66,1.57070401766568,1,experiments/results/current/summary_current_live_preferred.csv,58.66 +/- 1.57 (n=10)
primary_10_client,Citeseer,GCN,2,FedProp-Adj,no,1,10,80,1.0,0.5,3,68.23333333333333,0.4509249752822898,1,experiments/results/current/summary_current_live_preferred.csv,68.23 +/- 0.45 (n=3)
primary_10_client,Citeseer,GCN,2,FedProp-Adj,no,10000,10,80,1.0,0.5,3,65.83333333333333,0.5507570547286107,1,experiments/results/current/summary_current_live_preferred.csv,65.83 +/- 0.55 (n=3)
primary_10_client,Citeseer,GCN,2,FedProp-Adj,yes,1,10,80,1.0,0.5,10,68.45,0.7749551958375083,2,experiments/results/current/summary_current_live_preferred.csv,68.45 +/- 0.77 (n=10)
primary_10_client,Citeseer,GCN,2,FedProp-Adj,yes,10000,10,80,1.0,0.5,10,66.51,1.2600264547487363,2,experiments/results/current/summary_current_live_preferred.csv,66.51 +/- 1.26 (n=10)
primary_10_client,Citeseer,GCN,2,FedProp-Diff,no,1,10,80,1.0,0.5,3,68.73333333333333,1.1930353445448802,1,experiments/results/current/summary_current_live_preferred.csv,68.73 +/- 1.19 (n=3)
primary_10_client,Citeseer,GCN,2,FedProp-Diff,no,10000,10,80,1.0,0.5,3,66.9,0.1732050807568879,1,experiments/results/current/summary_current_live_preferred.csv,66.90 +/- 0.17 (n=3)
primary_10_client,Citeseer,GCN,2,FedProp-Diff,yes,1,10,80,1.0,0.5,10,69.08999999999999,0.7852105167122696,2,experiments/results/current/summary_current_live_preferred.csv,69.09 +/- 0.79 (n=10)
primary_10_client,Citeseer,GCN,2,FedProp-Diff,yes,10000,10,80,1.0,0.5,10,66.79,1.2068784344562455,2,experiments/results/current/summary_current_live_preferred.csv,66.79 +/- 1.21 (n=10)
primary_10_client,Citeseer,GCN,2,Full-graph,no,1,10,80,1.0,0.5,6,70.26666666666667,0.2065591117977291,2,experiments/results/current/summary_current_live_preferred.csv,70.27 +/- 0.21 (n=6)
primary_10_client,Citeseer,GCN,2,Full-graph,no,10000,10,80,1.0,0.5,6,69.73333333333332,0.4718756898449708,2,experiments/results/current/summary_current_live_preferred.csv,69.73 +/- 0.47 (n=6)
primary_10_client,Citeseer,GCN,2,Zero-hop,no,1,10,80,1.0,0.5,10,61.17,2.25785050189088,1,experiments/results/current/summary_current_live_preferred.csv,61.17 +/- 2.26 (n=10)
primary_10_client,Citeseer,GCN,2,Zero-hop,no,10000,10,80,1.0,0.5,10,58.78,2.6046112953759515,1,experiments/results/current/summary_current_live_preferred.csv,58.78 +/- 2.60 (n=10)
primary_10_client,Computers,GCN,2,FedProp-Adj,no,1,10,50,0.1,0.5,15,78.46,2.4456375154840213,3,experiments/results/current/summary_current_live_preferred.csv,78.46 +/- 2.45 (n=15)
primary_10_client,Computers,GCN,2,FedProp-Adj,no,10,10,50,0.1,0.5,15,74.41333333333333,3.878487677776827,3,experiments/results/current/summary_current_live_preferred.csv,74.41 +/- 3.88 (n=15)
primary_10_client,Computers,GCN,2,FedProp-Adj,no,10000,10,50,0.1,0.5,15,69.82666666666667,9.494770490468248,3,experiments/results/current/summary_current_live_preferred.csv,69.83 +/- 9.49 (n=15)
primary_10_client,Computers,GCN,2,FedProp-Diff,no,1,10,50,0.1,0.5,10,79.06,1.7858704693603418,2,experiments/results/current/summary_current_live_preferred.csv,79.06 +/- 1.79 (n=10)
primary_10_client,Computers,GCN,2,FedProp-Diff,no,10,10,50,0.1,0.5,10,76.76,3.3493614648500154,2,experiments/results/current/summary_current_live_preferred.csv,76.76 +/- 3.35 (n=10)
primary_10_client,Computers,GCN,2,FedProp-Diff,no,10000,10,50,0.1,0.5,10,74.44999999999999,5.633678490412223,2,experiments/results/current/summary_current_live_preferred.csv,74.45 +/- 5.63 (n=10)
primary_10_client,Computers,GCN,2,Full-graph,no,1,10,50,0.1,0.5,10,82.88,3.0279439302015545,2,experiments/results/current/summary_current_live_preferred.csv,82.88 +/- 3.03 (n=10)
primary_10_client,Computers,GCN,2,Full-graph,no,10,10,50,0.1,0.5,10,83.49,3.5479101830044484,2,experiments/results/current/summary_current_live_preferred.csv,83.49 +/- 3.55 (n=10)
primary_10_client,Computers,GCN,2,Full-graph,no,10000,10,50,0.1,0.5,10,77.88999999999999,8.13148202974095,2,experiments/results/current/summary_current_live_preferred.csv,77.89 +/- 8.13 (n=10)
primary_10_client,Computers,GCN,2,Zero-hop,no,1,10,50,0.1,0.5,15,83.72666666666666,1.415963410880516,3,experiments/results/current/summary_current_live_preferred.csv,83.73 +/- 1.42 (n=15)
primary_10_client,Computers,GCN,2,Zero-hop,no,10,10,50,0.1,0.5,15,81.74666666666667,2.305232144079035,3,experiments/results/current/summary_current_live_preferred.csv,81.75 +/- 2.31 (n=15)
primary_10_client,Computers,GCN,2,Zero-hop,no,10000,10,50,0.1,0.5,15,80.92,2.89511904517142,3,experiments/results/current/summary_current_live_preferred.csv,80.92 +/- 2.90 (n=15)
primary_10_client,Cora,GAT,2,FedProp-Adj,no,1,10,50,0.1,0.5,10,80.18,0.7913420387052743,1,experiments/results/current/summary_current_live_preferred.csv,80.18 +/- 0.79 (n=10)
primary_10_client,Cora,GAT,2,FedProp-Adj,no,10,10,50,0.1,0.5,10,74.83,1.5173441710216369,1,experiments/results/current/summary_current_live_preferred.csv,74.83 +/- 1.52 (n=10)
primary_10_client,Cora,GAT,2,FedProp-Adj,no,10000,10,50,0.1,0.5,10,74.53,2.35704617406335,1,experiments/results/current/summary_current_live_preferred.csv,74.53 +/- 2.36 (n=10)
primary_10_client,Cora,GAT,2,FedProp-Adj,yes,1,10,50,0.1,0.5,10,81.78,0.9028350409189402,1,experiments/results/current/summary_current_live_preferred.csv,81.78 +/- 0.90 (n=10)
primary_10_client,Cora,GAT,2,FedProp-Adj,yes,10,10,50,0.1,0.5,20,78.03,1.1916816954027185,2,experiments/results/current/summary_current_live_preferred.csv,78.03 +/- 1.19 (n=20)
primary_10_client,Cora,GAT,2,FedProp-Adj,yes,10000,10,50,0.1,0.5,40,77.7325,0.8266048880968719,4,experiments/results/current/summary_current_live_preferred.csv,77.73 +/- 0.83 (n=40)
primary_10_client,Cora,GAT,2,FedProp-Diff,no,1,10,50,0.1,0.5,10,76.88000000000001,1.1659998094148891,1,experiments/results/current/summary_current_live_preferred.csv,76.88 +/- 1.17 (n=10)
primary_10_client,Cora,GAT,2,FedProp-Diff,no,10,10,50,0.1,0.5,10,70.17,2.062388044099469,1,experiments/results/current/summary_current_live_preferred.csv,70.17 +/- 2.06 (n=10)
primary_10_client,Cora,GAT,2,FedProp-Diff,no,10000,10,50,0.1,0.5,20,70.41999999999999,1.108626461698866,3,experiments/results/current/summary_current_live_preferred.csv,70.42 +/- 1.11 (n=20)
primary_10_client,Cora,GAT,2,FedProp-Diff,yes,1,10,50,0.1,0.5,10,79.9,0.6531972647421813,1,experiments/results/current/summary_current_live_preferred.csv,79.90 +/- 0.65 (n=10)
primary_10_client,Cora,GAT,2,FedProp-Diff,yes,10,10,50,0.1,0.5,10,75.33,0.9661492868312048,1,experiments/results/current/summary_current_live_preferred.csv,75.33 +/- 0.97 (n=10)
primary_10_client,Cora,GAT,2,FedProp-Diff,yes,10000,10,50,0.1,0.5,10,75.63,0.861587681744194,1,experiments/results/current/summary_current_live_preferred.csv,75.63 +/- 0.86 (n=10)
primary_10_client,Cora,GAT,2,Full-graph,no,1,10,50,0.1,0.5,20,81.035,0.6899847443012171,2,experiments/results/current/summary_current_live_preferred.csv,81.03 +/- 0.69 (n=20)
primary_10_client,Cora,GAT,2,Full-graph,no,10,10,50,0.1,0.5,20,80.945,0.8357001476858188,2,experiments/results/current/summary_current_live_preferred.csv,80.94 +/- 0.84 (n=20)
primary_10_client,Cora,GAT,2,Full-graph,no,10000,10,50,0.1,0.5,20,81.17999999999999,0.8140865077528656,2,experiments/results/current/summary_current_live_preferred.csv,81.18 +/- 0.81 (n=20)
primary_10_client,Cora,GAT,2,Zero-hop,no,1,10,50,0.1,0.5,10,67.17,0.7572611467944499,1,experiments/results/current/summary_current_live_preferred.csv,67.17 +/- 0.76 (n=10)
primary_10_client,Cora,GAT,2,Zero-hop,no,10,10,50,0.1,0.5,10,61.45,0.6932211447695147,1,experiments/results/current/summary_current_live_preferred.csv,61.45 +/- 0.69 (n=10)
primary_10_client,Cora,GAT,2,Zero-hop,no,10000,10,50,0.1,0.5,20,61.3,0.8149911203907626,3,experiments/results/current/summary_current_live_preferred.csv,61.30 +/- 0.81 (n=20)
primary_10_client,Cora,GCN,1,FedProp-Adj,no,1,10,50,0.1,0.5,15,76.8,1.606682473741646,2,experiments/results/current/summary_current_live_preferred.csv,76.80 +/- 1.61 (n=15)
primary_10_client,Cora,GCN,1,FedProp-Adj,no,10,10,50,0.1,0.5,10,73.36,1.2877197762798491,1,experiments/results/current/summary_current_live_preferred.csv,73.36 +/- 1.29 (n=10)
primary_10_client,Cora,GCN,1,FedProp-Adj,no,10000,10,50,0.1,0.5,14,71.59285714285714,1.9621276856884369,2,experiments/results/current/summary_current_live_preferred.csv,71.59 +/- 1.96 (n=14)
primary_10_client,Cora,GCN,1,FedProp-Adj,yes,1,10,80,1.0,0.5,13,79.48461538461538,0.8763999789348014,2,experiments/results/current/summary_current_live_preferred.csv,79.48 +/- 0.88 (n=13)
primary_10_client,Cora,GCN,1,FedProp-Adj,yes,10000,10,80,1.0,0.5,13,74.29230769230769,0.6356906198006739,2,experiments/results/current/summary_current_live_preferred.csv,74.29 +/- 0.64 (n=13)
primary_10_client,Cora,GCN,1,FedProp-Diff,no,1,10,50,0.1,0.5,15,76.34,1.0874610009427603,2,experiments/results/current/summary_current_live_preferred.csv,76.34 +/- 1.09 (n=15)
primary_10_client,Cora,GCN,1,FedProp-Diff,no,10,10,50,0.1,0.5,8,71.2875,1.4014660691066148,1,experiments/results/current/summary_current_live_preferred.csv,71.29 +/- 1.40 (n=8)
primary_10_client,Cora,GCN,1,FedProp-Diff,no,10000,10,50,0.1,0.5,25,69.896,1.5447437759490494,3,experiments/results/current/summary_current_live_preferred.csv,69.90 +/- 1.54 (n=25)
primary_10_client,Cora,GCN,1,FedProp-Diff,yes,1,10,80,1.0,0.5,13,81.37692307692308,0.7451552927117968,2,experiments/results/current/summary_current_live_preferred.csv,81.38 +/- 0.75 (n=13)
primary_10_client,Cora,GCN,1,FedProp-Diff,yes,10000,10,80,1.0,0.5,13,75.04615384615386,0.6615831827459858,2,experiments/results/current/summary_current_live_preferred.csv,75.05 +/- 0.66 (n=13)
primary_10_client,Cora,GCN,1,Full-graph,no,1,10,50,0.1,0.5,20,81.05,0.6549407365716747,3,experiments/results/current/summary_current_live_preferred.csv,81.05 +/- 0.65 (n=20)
primary_10_client,Cora,GCN,1,Full-graph,no,10,10,50,0.1,0.5,10,80.19000000000001,0.6657493689236361,1,experiments/results/current/summary_current_live_preferred.csv,80.19 +/- 0.67 (n=10)
primary_10_client,Cora,GCN,1,Full-graph,no,10000,10,50,0.1,0.5,20,79.985,0.6166761497611296,3,experiments/results/current/summary_current_live_preferred.csv,79.98 +/- 0.62 (n=20)
primary_10_client,Cora,GCN,1,Zero-hop,no,1,10,50,0.1,0.5,25,65.968,2.6485404785780924,3,experiments/results/current/summary_current_live_preferred.csv,65.97 +/- 2.65 (n=25)
primary_10_client,Cora,GCN,1,Zero-hop,no,10,10,50,0.1,0.5,29,61.72758620689656,2.1415776147043943,3,experiments/results/current/summary_current_live_preferred.csv,61.73 +/- 2.14 (n=29)
primary_10_client,Cora,GCN,1,Zero-hop,no,10000,10,50,0.1,0.5,41,59.79512195121951,1.7038120817027045,5,experiments/results/current/summary_current_live_preferred.csv,59.80 +/- 1.70 (n=41)
primary_10_client,Cora,GCN,2,FedProp-Adj,no,1,10,80,1.0,0.5,13,79.57692307692308,0.7769103832423304,2,experiments/results/current/summary_current_live_preferred.csv,79.58 +/- 0.78 (n=13)
primary_10_client,Cora,GCN,2,FedProp-Adj,no,10000,10,80,1.0,0.5,13,74.76923076923076,0.603302874992619,2,experiments/results/current/summary_current_live_preferred.csv,74.77 +/- 0.60 (n=13)
primary_10_client,Cora,GCN,2,FedProp-Adj,yes,1,10,80,1.0,0.5,13,81.43846153846154,0.6035153429953252,2,experiments/results/current/summary_current_live_preferred.csv,81.44 +/- 0.60 (n=13)
primary_10_client,Cora,GCN,2,FedProp-Adj,yes,10000,10,80,1.0,0.5,13,76.43076923076923,0.6511331346002596,2,experiments/results/current/summary_current_live_preferred.csv,76.43 +/- 0.65 (n=13)
primary_10_client,Cora,GCN,2,FedProp-Diff,no,1,10,80,1.0,0.5,13,79.98461538461538,0.6108002317263159,2,experiments/results/current/summary_current_live_preferred.csv,79.98 +/- 0.61 (n=13)
primary_10_client,Cora,GCN,2,FedProp-Diff,no,10000,10,80,1.0,0.5,13,75.08461538461539,0.8122460155295259,2,experiments/results/current/summary_current_live_preferred.csv,75.08 +/- 0.81 (n=13)
primary_10_client,Cora,GCN,2,FedProp-Diff,yes,1,10,80,1.0,0.5,13,82.28461538461538,0.6121630417981697,2,experiments/results/current/summary_current_live_preferred.csv,82.28 +/- 0.61 (n=13)
primary_10_client,Cora,GCN,2,FedProp-Diff,yes,10000,10,80,1.0,0.5,13,77.33846153846154,0.8411682962190763,2,experiments/results/current/summary_current_live_preferred.csv,77.34 +/- 0.84 (n=13)
primary_10_client,Cora,GCN,2,Full-graph,no,1,10,80,1.0,0.5,10,80.56,0.4351245032554862,1,experiments/results/current/summary_current_live_preferred.csv,80.56 +/- 0.44 (n=10)
primary_10_client,Cora,GCN,2,Full-graph,no,10000,10,80,1.0,0.5,10,80.96,0.6328067986711573,1,experiments/results/current/summary_current_live_preferred.csv,80.96 +/- 0.63 (n=10)
primary_10_client,Cora,GCN,2,Zero-hop,no,1,10,80,1.0,0.5,10,68.21000000000001,1.2827487846201366,1,experiments/results/current/summary_current_live_preferred.csv,68.21 +/- 1.28 (n=10)
primary_10_client,Cora,GCN,2,Zero-hop,no,10000,10,80,1.0,0.5,10,62.02,1.698234377228304,1,experiments/results/current/summary_current_live_preferred.csv,62.02 +/- 1.70 (n=10)
primary_10_client,Minesweeper,GCN,1,FedProp-Adj,no,1,10,50,0.1,0.5,3,80.0,0.0,1,experiments/results/current/summary_current_live_preferred.csv,80.00 +/- 0.00 (n=3)
primary_10_client,Minesweeper,GCN,1,FedProp-Adj,no,10,10,50,0.1,0.5,13,79.99692307692308,0.0110940039245064,2,experiments/results/current/summary_current_live_preferred.csv,80.00 +/- 0.01 (n=13)
primary_10_client,Minesweeper,GCN,1,FedProp-Adj,no,10000,10,50,0.1,0.5,13,80.0,0.0,2,experiments/results/current/summary_current_live_preferred.csv,80.00 +/- 0.00 (n=13)
primary_10_client,Minesweeper,GCN,1,FedProp-Diff,no,1,10,50,0.1,0.5,3,80.0,0.0,1,experiments/results/current/summary_current_live_preferred.csv,80.00 +/- 0.00 (n=3)
primary_10_client,Minesweeper,GCN,1,FedProp-Diff,no,10,10,50,0.1,0.5,13,80.00307692307693,0.0110940039245033,2,experiments/results/current/summary_current_live_preferred.csv,80.00 +/- 0.01 (n=13)
primary_10_client,Minesweeper,GCN,1,FedProp-Diff,no,10000,10,50,0.1,0.5,13,80.0,0.0,2,experiments/results/current/summary_current_live_preferred.csv,80.00 +/- 0.00 (n=13)
primary_10_client,Minesweeper,GCN,1,Full-graph,no,1,10,50,0.1,0.5,2,80.0,0.0,1,experiments/results/current/summary_current_live_preferred.csv,80.00 +/- 0.00 (n=2)
primary_10_client,Minesweeper,GCN,1,Full-graph,no,10,10,50,0.1,0.5,13,80.1076923076923,0.5175286440728634,2,experiments/results/current/summary_current_live_preferred.csv,80.11 +/- 0.52 (n=13)
primary_10_client,Minesweeper,GCN,1,Full-graph,no,10000,10,50,0.1,0.5,13,80.03692307692309,0.6518612405436278,2,experiments/results/current/summary_current_live_preferred.csv,80.04 +/- 0.65 (n=13)
primary_10_client,Minesweeper,GCN,1,Zero-hop,no,1,10,50,0.1,0.5,3,80.0,0.0,1,experiments/results/current/summary_current_live_preferred.csv,80.00 +/- 0.00 (n=3)
primary_10_client,Minesweeper,GCN,1,Zero-hop,no,10,10,50,0.1,0.5,13,79.99076923076923,0.0332820117735162,2,experiments/results/current/summary_current_live_preferred.csv,79.99 +/- 0.03 (n=13)
primary_10_client,Minesweeper,GCN,1,Zero-hop,no,10000,10,50,0.1,0.5,13,79.99692307692308,0.0110940039245064,2,experiments/results/current/summary_current_live_preferred.csv,80.00 +/- 0.01 (n=13)
primary_10_client,Minesweeper,GCN,2,FedProp-Adj,no,10,10,50,0.1,0.5,20,80.00200000000001,0.015761378513048,2,experiments/results/current/summary_current_live_preferred.csv,80.00 +/- 0.02 (n=20)
primary_10_client,Minesweeper,GCN,2,FedProp-Adj,no,10000,10,50,0.1,0.5,19,80.0,0.0,2,experiments/results/current/summary_current_live_preferred.csv,80.00 +/- 0.00 (n=19)
primary_10_client,Minesweeper,GCN,2,FedProp-Diff,no,10,10,50,0.1,0.5,20,79.998,0.0089442719100006,2,experiments/results/current/summary_current_live_preferred.csv,80.00 +/- 0.01 (n=20)
primary_10_client,Minesweeper,GCN,2,FedProp-Diff,no,10000,10,50,0.1,0.5,18,80.0,0.0,2,experiments/results/current/summary_current_live_preferred.csv,80.00 +/- 0.00 (n=18)
primary_10_client,Minesweeper,GCN,2,Full-graph,no,10,10,50,0.1,0.5,20,79.916,0.1711386018776357,2,experiments/results/current/summary_current_live_preferred.csv,79.92 +/- 0.17 (n=20)
primary_10_client,Minesweeper,GCN,2,Full-graph,no,10000,10,50,0.1,0.5,20,79.73400000000001,0.2153186133690224,2,experiments/results/current/summary_current_live_preferred.csv,79.73 +/- 0.22 (n=20)
primary_10_client,Minesweeper,GCN,2,Zero-hop,no,10,10,50,0.1,0.5,20,79.988,0.0391488387943685,2,experiments/results/current/summary_current_live_preferred.csv,79.99 +/- 0.04 (n=20)
primary_10_client,Minesweeper,GCN,2,Zero-hop,no,10000,10,50,0.1,0.5,20,80.0,0.0,2,experiments/results/current/summary_current_live_preferred.csv,80.00 +/- 0.00 (n=20)
primary_10_client,Photo,GCN,2,FedProp-Adj,no,1,10,50,0.1,0.5,10,86.79,3.0501183947876878,2,experiments/results/current/summary_current_live_preferred.csv,86.79 +/- 3.05 (n=10)
primary_10_client,Photo,GCN,2,FedProp-Adj,no,10,10,50,0.1,0.5,10,79.86999999999999,6.311902336943365,2,experiments/results/current/summary_current_live_preferred.csv,79.87 +/- 6.31 (n=10)
primary_10_client,Photo,GCN,2,FedProp-Adj,no,10000,10,50,0.1,0.5,10,81.32000000000001,6.1875861385698885,2,experiments/results/current/summary_current_live_preferred.csv,81.32 +/- 6.19 (n=10)
primary_10_client,Photo,GCN,2,FedProp-Diff,no,1,10,50,0.1,0.5,10,85.83000000000001,2.718271509617829,2,experiments/results/current/summary_current_live_preferred.csv,85.83 +/- 2.72 (n=10)
primary_10_client,Photo,GCN,2,FedProp-Diff,no,10,10,50,0.1,0.5,10,85.11,3.0178910958924057,2,experiments/results/current/summary_current_live_preferred.csv,85.11 +/- 3.02 (n=10)
primary_10_client,Photo,GCN,2,FedProp-Diff,no,10000,10,50,0.1,0.5,10,79.12,6.248342002305715,2,experiments/results/current/summary_current_live_preferred.csv,79.12 +/- 6.25 (n=10)
primary_10_client,Photo,GCN,2,Full-graph,no,1,10,50,0.1,0.5,10,90.59,1.542328686687044,2,experiments/results/current/summary_current_live_preferred.csv,90.59 +/- 1.54 (n=10)
primary_10_client,Photo,GCN,2,Full-graph,no,10,10,50,0.1,0.5,10,90.66,1.4531192502873118,2,experiments/results/current/summary_current_live_preferred.csv,90.66 +/- 1.45 (n=10)
primary_10_client,Photo,GCN,2,Full-graph,no,10000,10,50,0.1,0.5,10,84.68,14.38044969162416,2,experiments/results/current/summary_current_live_preferred.csv,84.68 +/- 14.38 (n=10)
primary_10_client,Photo,GCN,2,Zero-hop,no,1,10,50,0.1,0.5,10,90.58,1.557633532709869,2,experiments/results/current/summary_current_live_preferred.csv,90.58 +/- 1.56 (n=10)
primary_10_client,Photo,GCN,2,Zero-hop,no,10,10,50,0.1,0.5,10,90.03,1.7550245329086192,2,experiments/results/current/summary_current_live_preferred.csv,90.03 +/- 1.76 (n=10)
primary_10_client,Photo,GCN,2,Zero-hop,no,10000,10,50,0.1,0.5,10,89.24,1.3467656729282125,2,experiments/results/current/summary_current_live_preferred.csv,89.24 +/- 1.35 (n=10)
primary_10_client,Pubmed,GAT,2,FedProp-Adj,no,1,10,50,0.1,0.5,10,71.94,0.4221637386396688,1,experiments/results/current/summary_current_live_preferred.csv,71.94 +/- 0.42 (n=10)
primary_10_client,Pubmed,GAT,2,FedProp-Adj,no,10,10,50,0.1,0.5,10,77.34,0.9477458637325852,1,experiments/results/current/summary_current_live_preferred.csv,77.34 +/- 0.95 (n=10)
primary_10_client,Pubmed,GAT,2,FedProp-Adj,no,10000,10,50,0.1,0.5,10,79.36000000000001,0.6328067986711624,1,experiments/results/current/summary_current_live_preferred.csv,79.36 +/- 0.63 (n=10)
primary_10_client,Pubmed,GAT,2,FedProp-Adj,yes,1,10,50,0.1,0.5,60,74.83833333333332,0.8688764743527224,6,experiments/results/current/summary_current_live_preferred.csv,74.84 +/- 0.87 (n=60)
primary_10_client,Pubmed,GAT,2,FedProp-Adj,yes,10,10,50,0.1,0.5,70,77.80142857142857,0.7756237054817091,7,experiments/results/current/summary_current_live_preferred.csv,77.80 +/- 0.78 (n=70)
primary_10_client,Pubmed,GAT,2,FedProp-Adj,yes,10000,10,50,0.1,0.5,80,78.68125,0.5759073743211394,8,experiments/results/current/summary_current_live_preferred.csv,78.68 +/- 0.58 (n=80)
primary_10_client,Pubmed,GAT,2,FedProp-Diff,no,1,10,50,0.1,0.5,10,71.32,2.5559516601236583,1,experiments/results/current/summary_current_live_preferred.csv,71.32 +/- 2.56 (n=10)
primary_10_client,Pubmed,GAT,2,FedProp-Diff,no,10,10,50,0.1,0.5,10,75.64,0.952423808559568,1,experiments/results/current/summary_current_live_preferred.csv,75.64 +/- 0.95 (n=10)
primary_10_client,Pubmed,GAT,2,FedProp-Diff,no,10000,10,50,0.1,0.5,13,75.59230769230768,1.19545077861975,2,experiments/results/current/summary_current_live_preferred.csv,75.59 +/- 1.20 (n=13)
primary_10_client,Pubmed,GAT,2,FedProp-Diff,yes,1,10,50,0.1,0.5,50,74.236,0.9308236422981668,5,experiments/results/current/summary_current_live_preferred.csv,74.24 +/- 0.93 (n=50)
primary_10_client,Pubmed,GAT,2,FedProp-Diff,yes,10,10,50,0.1,0.5,50,78.158,0.7701285341965162,5,experiments/results/current/summary_current_live_preferred.csv,78.16 +/- 0.77 (n=50)
primary_10_client,Pubmed,GAT,2,FedProp-Diff,yes,10000,10,50,0.1,0.5,50,78.548,0.6649351663960967,5,experiments/results/current/summary_current_live_preferred.csv,78.55 +/- 0.66 (n=50)
primary_10_client,Pubmed,GAT,2,Full-graph,no,1,10,50,0.1,0.5,40,71.195,1.9080060742794245,4,experiments/results/current/summary_current_live_preferred.csv,71.19 +/- 1.91 (n=40)
primary_10_client,Pubmed,GAT,2,Full-graph,no,10,10,50,0.1,0.5,50,78.83,1.2641444634573211,5,experiments/results/current/summary_current_live_preferred.csv,78.83 +/- 1.26 (n=50)
primary_10_client,Pubmed,GAT,2,Full-graph,no,10000,10,50,0.1,0.5,50,78.324,0.4479249208225391,5,experiments/results/current/summary_current_live_preferred.csv,78.32 +/- 0.45 (n=50)
primary_10_client,Pubmed,GAT,2,Zero-hop,no,1,10,50,0.1,0.5,17,63.88823529411765,2.2734561665395003,2,experiments/results/current/summary_current_live_preferred.csv,63.89 +/- 2.27 (n=17)
primary_10_client,Pubmed,GAT,2,Zero-hop,no,10,10,50,0.1,0.5,10,67.47000000000001,0.5518655230720217,1,experiments/results/current/summary_current_live_preferred.csv,67.47 +/- 0.55 (n=10)
primary_10_client,Pubmed,GAT,2,Zero-hop,no,10000,10,50,0.1,0.5,20,64.35,1.1967060053153813,2,experiments/results/current/summary_current_live_preferred.csv,64.35 +/- 1.20 (n=20)
primary_10_client,Pubmed,GCN,1,FedProp-Adj,no,1,10,50,0.1,0.5,30,75.39333333333333,3.020382863757205,3,experiments/results/current/summary_current_live_preferred.csv,75.39 +/- 3.02 (n=30)
primary_10_client,Pubmed,GCN,1,FedProp-Adj,no,10,10,50,0.1,0.5,30,77.84666666666666,1.382834004881813,3,experiments/results/current/summary_current_live_preferred.csv,77.85 +/- 1.38 (n=30)
primary_10_client,Pubmed,GCN,1,FedProp-Adj,no,10000,10,50,0.1,0.5,20,77.425,1.300151812998047,2,experiments/results/current/summary_current_live_preferred.csv,77.42 +/- 1.30 (n=20)
primary_10_client,Pubmed,GCN,1,FedProp-Adj,yes,10,10,80,1.0,0.5,10,79.23,0.7394442357458598,1,experiments/results/current/summary_current_live_preferred.csv,79.23 +/- 0.74 (n=10)
primary_10_client,Pubmed,GCN,1,FedProp-Adj,yes,10000,10,80,1.0,0.5,10,78.8,0.6666666666666672,1,experiments/results/current/summary_current_live_preferred.csv,78.80 +/- 0.67 (n=10)
primary_10_client,Pubmed,GCN,1,FedProp-Diff,no,1,10,50,0.1,0.5,18,73.91666666666666,3.5225742592264435,2,experiments/results/current/summary_current_live_preferred.csv,73.92 +/- 3.52 (n=18)
primary_10_client,Pubmed,GCN,1,FedProp-Diff,no,10,10,50,0.1,0.5,10,75.75,1.4562127439201866,1,experiments/results/current/summary_current_live_preferred.csv,75.75 +/- 1.46 (n=10)
primary_10_client,Pubmed,GCN,1,FedProp-Diff,no,10000,10,50,0.1,0.5,10,75.35000000000001,1.8136825644098944,1,experiments/results/current/summary_current_live_preferred.csv,75.35 +/- 1.81 (n=10)
primary_10_client,Pubmed,GCN,1,FedProp-Diff,yes,10,10,80,1.0,0.5,10,79.64,0.6995236474439833,1,experiments/results/current/summary_current_live_preferred.csv,79.64 +/- 0.70 (n=10)
primary_10_client,Pubmed,GCN,1,FedProp-Diff,yes,10000,10,80,1.0,0.5,10,79.11,0.5279941077112303,1,experiments/results/current/summary_current_live_preferred.csv,79.11 +/- 0.53 (n=10)
primary_10_client,Pubmed,GCN,1,Full-graph,no,1,10,50,0.1,0.5,20,75.01,2.8127342007752065,2,experiments/results/current/summary_current_live_preferred.csv,75.01 +/- 2.81 (n=20)
primary_10_client,Pubmed,GCN,1,Full-graph,no,10,10,50,0.1,0.5,20,77.82,1.9321654064532732,2,experiments/results/current/summary_current_live_preferred.csv,77.82 +/- 1.93 (n=20)
primary_10_client,Pubmed,GCN,1,Full-graph,no,10000,10,50,0.1,0.5,20,77.935,1.1721662357407028,2,experiments/results/current/summary_current_live_preferred.csv,77.94 +/- 1.17 (n=20)
primary_10_client,Pubmed,GCN,1,Zero-hop,no,10,10,50,0.1,0.5,10,73.50999999999999,1.625798948893198,1,experiments/results/current/summary_current_live_preferred.csv,73.51 +/- 1.63 (n=10)
primary_10_client,Pubmed,GCN,1,Zero-hop,no,10000,10,50,0.1,0.5,19,69.3736842105263,3.374058239842333,2,experiments/results/current/summary_current_live_preferred.csv,69.37 +/- 3.37 (n=19)
primary_10_client,Pubmed,GCN,2,FedProp-Adj,no,10,10,80,1.0,0.5,3,76.93333333333334,0.4041451884327384,1,experiments/results/current/summary_current_live_preferred.csv,76.93 +/- 0.40 (n=3)
primary_10_client,Pubmed,GCN,2,FedProp-Adj,no,10000,10,80,1.0,0.5,3,80.2,0.5291502622129186,1,experiments/results/current/summary_current_live_preferred.csv,80.20 +/- 0.53 (n=3)
primary_10_client,Pubmed,GCN,2,FedProp-Adj,yes,10,10,80,1.0,0.5,10,79.38000000000001,1.6975799768428537,2,experiments/results/current/summary_current_live_preferred.csv,79.38 +/- 1.70 (n=10)
primary_10_client,Pubmed,GCN,2,FedProp-Adj,yes,10000,10,80,1.0,0.5,10,79.89,0.8543353491977764,2,experiments/results/current/summary_current_live_preferred.csv,79.89 +/- 0.85 (n=10)
primary_10_client,Pubmed,GCN,2,FedProp-Diff,no,10,10,80,1.0,0.5,3,75.96666666666667,0.4725815626252612,1,experiments/results/current/summary_current_live_preferred.csv,75.97 +/- 0.47 (n=3)
primary_10_client,Pubmed,GCN,2,FedProp-Diff,no,10000,10,80,1.0,0.5,3,79.80000000000001,0.8660254037844394,1,experiments/results/current/summary_current_live_preferred.csv,79.80 +/- 0.87 (n=3)
primary_10_client,Pubmed,GCN,2,FedProp-Diff,yes,10,10,80,1.0,0.5,10,80.19000000000001,1.5545274380195266,2,experiments/results/current/summary_current_live_preferred.csv,80.19 +/- 1.55 (n=10)
primary_10_client,Pubmed,GCN,2,FedProp-Diff,yes,10000,10,80,1.0,0.5,10,80.19000000000001,0.4909175083453435,2,experiments/results/current/summary_current_live_preferred.csv,80.19 +/- 0.49 (n=10)
primary_10_client,Pubmed,GCN,2,Full-graph,no,10,10,80,1.0,0.5,10,77.98,0.921110440959414,1,experiments/results/current/summary_current_live_preferred.csv,77.98 +/- 0.92 (n=10)
primary_10_client,Pubmed,GCN,2,Full-graph,no,10000,10,80,1.0,0.5,10,77.62,1.4520483616066129,1,experiments/results/current/summary_current_live_preferred.csv,77.62 +/- 1.45 (n=10)
primary_10_client,Pubmed,GCN,2,Zero-hop,no,10,10,80,1.0,0.5,10,74.47,0.7469196000165546,1,experiments/results/current/summary_current_live_preferred.csv,74.47 +/- 0.75 (n=10)
primary_10_client,Pubmed,GCN,2,Zero-hop,no,10000,10,80,1.0,0.5,10,73.76,1.1529671865813595,1,experiments/results/current/summary_current_live_preferred.csv,73.76 +/- 1.15 (n=10)
primary_10_client,Roman-empire,GCN,1,FedProp-Adj,no,10,10,50,0.1,0.5,10,53.21743734557006,0.4400934535000156,1,experiments/results/current/summary_current_live_preferred.csv,53.22 +/- 0.44 (n=10)
primary_10_client,Roman-empire,GCN,1,FedProp-Adj,no,10000,10,50,0.1,0.5,10,54.2481468408048,0.3429416655258803,1,experiments/results/current/summary_current_live_preferred.csv,54.25 +/- 0.34 (n=10)
primary_10_client,Roman-empire,GCN,1,FedProp-Diff,no,10,10,50,0.1,0.5,9,53.92203004275012,0.3472865696361472,1,experiments/results/current/summary_current_live_preferred.csv,53.92 +/- 0.35 (n=9)
primary_10_client,Roman-empire,GCN,1,FedProp-Diff,no,10000,10,50,0.1,0.5,10,54.934698199788215,0.3732095473795376,1,experiments/results/current/summary_current_live_preferred.csv,54.93 +/- 0.37 (n=10)
primary_10_client,Roman-empire,GCN,1,Full-graph,no,10,10,50,0.1,0.5,10,34.47758559830568,0.3320925527098296,1,experiments/results/current/summary_current_live_preferred.csv,34.48 +/- 0.33 (n=10)
primary_10_client,Roman-empire,GCN,1,Full-graph,no,10000,10,50,0.1,0.5,9,36.09836451347218,0.6039512401083194,1,experiments/results/current/summary_current_live_preferred.csv,36.10 +/- 0.60 (n=9)
primary_10_client,Roman-empire,GCN,1,Zero-hop,no,10,10,50,0.1,0.5,10,54.814684080480056,0.5176277360846175,1,experiments/results/current/summary_current_live_preferred.csv,54.81 +/- 0.52 (n=10)
primary_10_client,Roman-empire,GCN,1,Zero-hop,no,10000,10,50,0.1,0.5,10,55.70773032121426,0.3286300778602871,1,experiments/results/current/summary_current_live_preferred.csv,55.71 +/- 0.33 (n=10)
primary_10_client,Roman-empire,GCN,2,FedProp-Adj,no,10,10,50,0.1,0.5,10,52.28203318037416,0.1834246278723418,1,experiments/results/current/summary_current_live_preferred.csv,52.28 +/- 0.18 (n=10)
primary_10_client,Roman-empire,GCN,2,FedProp-Adj,no,10000,10,50,0.1,0.5,9,53.75338275091187,0.2511515967306346,1,experiments/results/current/summary_current_live_preferred.csv,53.75 +/- 0.25 (n=9)
primary_10_client,Roman-empire,GCN,2,FedProp-Diff,no,10,10,50,0.1,0.5,10,53.86692552064949,0.2982941712630004,1,experiments/results/current/summary_current_live_preferred.csv,53.87 +/- 0.30 (n=10)
primary_10_client,Roman-empire,GCN,2,FedProp-Diff,no,10000,10,50,0.1,0.5,9,55.28885751264855,0.349100607921859,1,experiments/results/current/summary_current_live_preferred.csv,55.29 +/- 0.35 (n=9)
primary_10_client,Roman-empire,GCN,2,Full-graph,no,10,10,50,0.1,0.5,10,24.71055418284504,0.3733254502485794,1,experiments/results/current/summary_current_live_preferred.csv,24.71 +/- 0.37 (n=10)
primary_10_client,Roman-empire,GCN,2,Full-graph,no,10000,10,50,0.1,0.5,10,25.20472996823156,0.4151987968978387,1,experiments/results/current/summary_current_live_preferred.csv,25.20 +/- 0.42 (n=10)
primary_10_client,Roman-empire,GCN,2,Zero-hop,no,10,10,50,0.1,0.5,10,54.821743734557,0.3103884763308115,1,experiments/results/current/summary_current_live_preferred.csv,54.82 +/- 0.31 (n=10)
primary_10_client,Roman-empire,GCN,2,Zero-hop,no,10000,10,50,0.1,0.5,10,55.27356159548182,0.1678060617579214,1,experiments/results/current/summary_current_live_preferred.csv,55.27 +/- 0.17 (n=10)
primary_10_client,Texas,GCN,1,FedProp-Adj,no,10,10,50,0.1,0.5,20,74.45945945945947,2.051769336530401,2,experiments/results/current/summary_current_live_preferred.csv,74.46 +/- 2.05 (n=20)
primary_10_client,Texas,GCN,1,FedProp-Adj,no,10000,10,50,0.1,0.5,19,72.97297297297297,5.016003930477498,2,experiments/results/current/summary_current_live_preferred.csv,72.97 +/- 5.02 (n=19)
primary_10_client,Texas,GCN,1,FedProp-Diff,no,10,10,50,0.1,0.5,20,74.86486486486487,1.27070904319359,2,experiments/results/current/summary_current_live_preferred.csv,74.86 +/- 1.27 (n=20)
primary_10_client,Texas,GCN,1,FedProp-Diff,no,10000,10,50,0.1,0.5,20,79.45945945945945,2.218331572076011,2,experiments/results/current/summary_current_live_preferred.csv,79.46 +/- 2.22 (n=20)
primary_10_client,Texas,GCN,1,Full-graph,no,10,10,50,0.1,0.5,20,62.16216216216216,3.507490186611082,2,experiments/results/current/summary_current_live_preferred.csv,62.16 +/- 3.51 (n=20)
primary_10_client,Texas,GCN,1,Full-graph,no,10000,10,50,0.1,0.5,19,64.29587482219061,3.195208267203688,2,experiments/results/current/summary_current_live_preferred.csv,64.30 +/- 3.20 (n=19)
primary_10_client,Texas,GCN,1,Zero-hop,no,10,10,50,0.1,0.5,20,72.43243243243244,1.1091657860380022,2,experiments/results/current/summary_current_live_preferred.csv,72.43 +/- 1.11 (n=20)
primary_10_client,Texas,GCN,1,Zero-hop,no,10000,10,50,0.1,0.5,18,75.82582582582583,0.6370331362040956,2,experiments/results/current/summary_current_live_preferred.csv,75.83 +/- 0.64 (n=18)
primary_10_client,Texas,GCN,2,FedProp-Adj,no,10,10,50,0.1,0.5,20,73.64864864864865,3.493762187998618,2,experiments/results/current/summary_current_live_preferred.csv,73.65 +/- 3.49 (n=20)
primary_10_client,Texas,GCN,2,FedProp-Adj,no,10000,10,50,0.1,0.5,20,75.67567567567568,5.037249277276181,2,experiments/results/current/summary_current_live_preferred.csv,75.68 +/- 5.04 (n=20)
primary_10_client,Texas,GCN,2,FedProp-Diff,no,10,10,50,0.1,0.5,19,72.97297297297297,0.0,2,experiments/results/current/summary_current_live_preferred.csv,72.97 +/- 0.00 (n=19)
primary_10_client,Texas,GCN,2,FedProp-Diff,no,10000,10,50,0.1,0.5,20,77.43243243243244,2.013945460461066,2,experiments/results/current/summary_current_live_preferred.csv,77.43 +/- 2.01 (n=20)
primary_10_client,Texas,GCN,2,Full-graph,no,10,10,50,0.1,0.5,20,62.02702702702703,1.854953354468269,2,experiments/results/current/summary_current_live_preferred.csv,62.03 +/- 1.85 (n=20)
primary_10_client,Texas,GCN,2,Full-graph,no,10000,10,50,0.1,0.5,20,63.78378378378379,4.056424153089633,2,experiments/results/current/summary_current_live_preferred.csv,63.78 +/- 4.06 (n=20)
primary_10_client,Texas,GCN,2,Zero-hop,no,10,10,50,0.1,0.5,20,72.2972972972973,1.2007071846468065,2,experiments/results/current/summary_current_live_preferred.csv,72.30 +/- 1.20 (n=20)
primary_10_client,Texas,GCN,2,Zero-hop,no,10000,10,50,0.1,0.5,20,75.8108108108108,0.6043426966215636,2,experiments/results/current/summary_current_live_preferred.csv,75.81 +/- 0.60 (n=20)
primary_10_client,Wisconsin,GCN,1,FedProp-Adj,no,10,10,50,0.1,0.5,20,74.70588235294117,2.001638374643293,2,experiments/results/current/summary_current_live_preferred.csv,74.71 +/- 2.00 (n=20)
primary_10_client,Wisconsin,GCN,1,FedProp-Adj,no,10000,10,50,0.1,0.5,20,70.68627450980392,1.185892782018233,2,experiments/results/current/summary_current_live_preferred.csv,70.69 +/- 1.19 (n=20)
primary_10_client,Wisconsin,GCN,1,FedProp-Diff,no,10,10,50,0.1,0.5,20,77.84313725490196,1.4366570530687204,2,experiments/results/current/summary_current_live_preferred.csv,77.84 +/- 1.44 (n=20)
primary_10_client,Wisconsin,GCN,1,FedProp-Diff,no,10000,10,50,0.1,0.5,20,72.74509803921568,1.4082055812933485,2,experiments/results/current/summary_current_live_preferred.csv,72.75 +/- 1.41 (n=20)
primary_10_client,Wisconsin,GCN,1,Full-graph,no,10,10,50,0.1,0.5,20,44.6078431372549,2.282662163116064,2,experiments/results/current/summary_current_live_preferred.csv,44.61 +/- 2.28 (n=20)
primary_10_client,Wisconsin,GCN,1,Full-graph,no,10000,10,50,0.1,0.5,20,48.72549019607843,2.3178497813306227,2,experiments/results/current/summary_current_live_preferred.csv,48.73 +/- 2.32 (n=20)
primary_10_client,Wisconsin,GCN,1,Zero-hop,no,10,10,50,0.1,0.5,20,75.88235294117646,1.28813075555252,2,experiments/results/current/summary_current_live_preferred.csv,75.88 +/- 1.29 (n=20)
primary_10_client,Wisconsin,GCN,1,Zero-hop,no,10000,10,50,0.1,0.5,20,70.0,1.1200795501519214,2,experiments/results/current/summary_current_live_preferred.csv,70.00 +/- 1.12 (n=20)
primary_10_client,Wisconsin,GCN,2,FedProp-Adj,no,10,10,50,0.1,0.5,20,75.7843137254902,1.937425361113889,2,experiments/results/current/summary_current_live_preferred.csv,75.78 +/- 1.94 (n=20)
primary_10_client,Wisconsin,GCN,2,FedProp-Adj,no,10000,10,50,0.1,0.5,20,73.0392156862745,1.7852264078437758,2,experiments/results/current/summary_current_live_preferred.csv,73.04 +/- 1.79 (n=20)
primary_10_client,Wisconsin,GCN,2,FedProp-Diff,no,10,10,50,0.1,0.5,20,77.45098039215686,1.4919331573582024,2,experiments/results/current/summary_current_live_preferred.csv,77.45 +/- 1.49 (n=20)
primary_10_client,Wisconsin,GCN,2,FedProp-Diff,no,10000,10,50,0.1,0.5,20,75.68627450980392,0.9855386077451624,2,experiments/results/current/summary_current_live_preferred.csv,75.69 +/- 0.99 (n=20)
primary_10_client,Wisconsin,GCN,2,Full-graph,no,10,10,50,0.1,0.5,19,49.122807017543856,1.5291441878839251,2,experiments/results/current/summary_current_live_preferred.csv,49.12 +/- 1.53 (n=19)
primary_10_client,Wisconsin,GCN,2,Full-graph,no,10000,10,50,0.1,0.5,19,51.39318885448916,2.022867619950351,2,experiments/results/current/summary_current_live_preferred.csv,51.39 +/- 2.02 (n=19)
primary_10_client,Wisconsin,GCN,2,Zero-hop,no,10,10,50,0.1,0.5,19,75.85139318885449,1.6079801709694166,2,experiments/results/current/summary_current_live_preferred.csv,75.85 +/- 1.61 (n=19)
primary_10_client,Wisconsin,GCN,2,Zero-hop,no,10000,10,50,0.1,0.5,20,69.80392156862746,1.334425583095532,2,experiments/results/current/summary_current_live_preferred.csv,69.80 +/- 1.33 (n=20)
primary_10_client,ogbn-arxiv,GCN,1,FedProp-Adj,no,1,10,50,0.1,0.5,5,71.64413719317737,0.8304861372445608,1,experiments/results/current/summary_current_live_preferred.csv,71.64 +/- 0.83 (n=5)
primary_10_client,ogbn-arxiv,GCN,1,FedProp-Adj,no,10000,10,50,0.1,0.5,5,67.73491348270683,1.5193197264970764,1,experiments/results/current/summary_current_live_preferred.csv,67.73 +/- 1.52 (n=5)
primary_10_client,ogbn-arxiv,GCN,1,FedProp-Adj,yes,1,10,50,0.1,0.5,5,70.78040450177973,0.3511213318865667,1,experiments/results/current/summary_current_live_preferred.csv,70.78 +/- 0.35 (n=5)
primary_10_client,ogbn-arxiv,GCN,1,FedProp-Adj,yes,10000,10,50,0.1,0.5,5,67.3065448634858,0.771976924350689,1,experiments/results/current/summary_current_live_preferred.csv,67.31 +/- 0.77 (n=5)
primary_10_client,ogbn-arxiv,GCN,1,FedProp-Diff,no,1,10,50,0.1,0.5,5,72.13752237516204,0.518684467609498,1,experiments/results/current/summary_current_live_preferred.csv,72.14 +/- 0.52 (n=5)
primary_10_client,ogbn-arxiv,GCN,1,FedProp-Diff,no,10000,10,50,0.1,0.5,5,67.52381540234143,1.7972418989524188,1,experiments/results/current/summary_current_live_preferred.csv,67.52 +/- 1.80 (n=5)
primary_10_client,ogbn-arxiv,GCN,1,FedProp-Diff,yes,1,10,50,0.1,0.5,5,69.8092710326523,1.4842938195422135,1,experiments/results/current/summary_current_live_preferred.csv,69.81 +/- 1.48 (n=5)
primary_10_client,ogbn-arxiv,GCN,1,FedProp-Diff,yes,10000,10,50,0.1,0.5,5,66.87817624426475,1.5240622345739328,1,experiments/results/current/summary_current_live_preferred.csv,66.88 +/- 1.52 (n=5)
primary_10_client,ogbn-arxiv,GCN,1,Full-graph,no,1,10,50,0.1,0.5,5,71.13964158591034,0.5573015660907732,1,experiments/results/current/summary_current_live_preferred.csv,71.14 +/- 0.56 (n=5)
primary_10_client,ogbn-arxiv,GCN,1,Full-graph,no,10000,10,50,0.1,0.5,5,70.34627492130116,0.81298513825643,1,experiments/results/current/summary_current_live_preferred.csv,70.35 +/- 0.81 (n=5)
primary_10_client,ogbn-arxiv,GCN,1,Zero-hop,no,1,10,50,0.1,0.5,5,64.76554945167993,0.1454207582882167,1,experiments/results/current/summary_current_live_preferred.csv,64.77 +/- 0.15 (n=5)
primary_10_client,ogbn-arxiv,GCN,1,Zero-hop,no,10000,10,50,0.1,0.5,5,59.38069666481493,0.3132025165068282,1,experiments/results/current/summary_current_live_preferred.csv,59.38 +/- 0.31 (n=5)
primary_10_client,ogbn-arxiv,GCN,2,FedProp-Adj,no,1,10,80,1.0,0.5,30,69.89993758958639,0.6674611990757705,3,experiments/results/current/summary_current_live_preferred.csv,69.90 +/- 0.67 (n=30)
primary_10_client,ogbn-arxiv,GCN,2,FedProp-Adj,no,10000,10,80,1.0,0.5,30,67.81062897352015,0.6009875925670988,3,experiments/results/current/summary_current_live_preferred.csv,67.81 +/- 0.60 (n=30)
primary_10_client,ogbn-arxiv,GCN,2,FedProp-Adj,yes,1,10,80,1.0,0.5,10,62.96154558360595,1.5425819617578531,1,experiments/results/current/summary_current_live_preferred.csv,62.96 +/- 1.54 (n=10)
primary_10_client,ogbn-arxiv,GCN,2,FedProp-Adj,yes,10000,10,80,1.0,0.5,10,62.584408369853705,1.2963477993529031,1,experiments/results/current/summary_current_live_preferred.csv,62.58 +/- 1.30 (n=10)
primary_10_client,ogbn-arxiv,GCN,2,FedProp-Diff,no,1,10,80,1.0,0.5,10,69.56587041952143,0.7530814404172188,1,experiments/results/current/summary_current_live_preferred.csv,69.57 +/- 0.75 (n=10)
primary_10_client,ogbn-arxiv,GCN,2,FedProp-Diff,no,10000,10,80,1.0,0.5,10,67.32855996543424,0.6509992649317784,1,experiments/results/current/summary_current_live_preferred.csv,67.33 +/- 0.65 (n=10)
primary_10_client,ogbn-arxiv,GCN,2,FedProp-Diff,yes,1,10,80,1.0,0.5,10,61.85358928461206,2.911246556245761,1,experiments/results/current/summary_current_live_preferred.csv,61.85 +/- 2.91 (n=10)
primary_10_client,ogbn-arxiv,GCN,2,FedProp-Diff,yes,10000,10,80,1.0,0.5,10,62.94549719153139,1.5573022024421397,1,experiments/results/current/summary_current_live_preferred.csv,62.95 +/- 1.56 (n=10)
primary_10_client,ogbn-arxiv,GCN,2,Full-graph,no,1,10,80,1.0,0.5,11,64.99860652073478,0.8472912337828346,2,experiments/results/current/summary_current_live_preferred.csv,65.00 +/- 0.85 (n=11)
primary_10_client,ogbn-arxiv,GCN,2,Full-graph,no,10000,10,80,1.0,0.5,11,69.40929572248626,0.2270629648975843,2,experiments/results/current/summary_current_live_preferred.csv,69.41 +/- 0.23 (n=11)
primary_10_client,ogbn-arxiv,GCN,2,Zero-hop,no,1,10,80,1.0,0.5,10,63.99995885027673,0.1518625195956376,1,experiments/results/current/summary_current_live_preferred.csv,64.00 +/- 0.15 (n=10)
primary_10_client,ogbn-arxiv,GCN,2,Zero-hop,no,10000,10,80,1.0,0.5,10,58.78711190667243,0.1827731611724666,1,experiments/results/current/summary_current_live_preferred.csv,58.79 +/- 0.18 (n=10)
